original_email,expected_output,extracted_signature,cosine
"Hi team,  Please find attached the monthly report. It contains a detailed breakdown of our performance metrics, sales figures, and key accomplishments for the month. I've also included some insights and recommendations based on the data.  Let me know if you have any questions or need further clarification on any of the points mentioned.  Best, Sara",{'name': 'Sara'},"{'name': 'Sara', 'email': 'sara@example.com'}",0.780013
"Dear Team,  This is a reminder for our upcoming meeting tomorrow at 10 AM. We will be discussing the project milestones, timelines, and any potential roadblocks we might face. Your inputs and feedback will be crucial for the success of our project.  Please ensure that you have reviewed the agenda and come prepared with your updates and any questions you might have.  Best regards, Michael Brown Project Manager XYZ Solutions michael.brown@xyzsolutions.com","{'name': 'Michael Brown', 'email': 'michael.brown@xyzsolutions.com', 'job_title': 'Project Manager', 'company': 'XYZ Solutions'}","{'name': 'Michael Brown', 'email': 'michael.brown@xyzsolutions.com', 'job_title': 'Project Manager', 'company': 'XYZ Solutions'}",1.0
"Hi everyone,  Just a quick note to let you know I'll be out of the office next week. During my absence, please reach out to Jane for any urgent matters. She will be handling my responsibilities and can assist you with any issues that arise.  I'll be checking my emails periodically and will try to respond to anything urgent as soon as I can.  Cheers, Kevin Lee  Senior Developer (555) 987-6543","{'name': 'Kevin Lee', 'job_title': 'Senior Developer', 'phone': '(555) 987-6543'}","{
  ""name"": ""Kevin Lee"",
  ""email"": ""kevin.lee@example.com"", // Assuming the email is the same as the sender's email
  ""phone"": ""(555) 987-6543"",
  ""job_title"": ""Senior Developer"",
  ""company"": """", // Not provided in the email content
  ""address"": """", // Not provided in the email content
  ""website"": """", // Not provided in the email content
  ""social_media"": {} // Not provided in the email content
}",0.5854877
"Hello,  Thank you for your interest in our services. We will get back to you shortly with more details. Our team is currently reviewing your request and will provide you with the necessary information and next steps.  If you have any specific questions in the meantime, feel free to reach out to me directly.  Best, Emily Emily Rogers Marketing Specialist emily.rogers@marketingco.com MarketingCo","{'name': 'Emily Rogers', 'email': 'emily.rogers@marketingco.com', 'job_title': 'Marketing Specialist', 'company': 'MarketingCo'}","{'name': 'Emily Rogers', 'email': 'emily.rogers@marketingco.com', 'job_title': 'Marketing Specialist', 'company': 'MarketingCo'}",1.0
"Hi,  Can you please send me the latest sales figures? We need them for the upcoming board meeting on Friday. It's important that we have the most up-to-date data to present our progress and set new targets.  Thanks in advance for your prompt response.  Thanks, Alan",{'name': 'Alan'},"{'name': 'Alan', 'email': 'alan@example.com', 'phone': '', 'job_title': '', 'company': '', 'address': '', 'website': '', 'social_media': {}}",0.59099466
"Dear Customer,  Your order has been shipped and will arrive within 5-7 business days. You can track your order using the tracking number provided in this email. If you have any questions or concerns about your order, please don't hesitate to contact our support team.  Thank you for shopping with us. We appreciate your business and hope you enjoy your purchase.  Sincerely, Customer Service Team support@shoponline.com ShopOnline Inc. www.shoponline.com","{'email': 'support@shoponline.com', 'company': 'ShopOnline Inc.', 'website': 'www.shoponline.com'}","{'name': 'Customer Service Team', 'email': 'support@shoponline.com', 'company': 'ShopOnline Inc.', 'website': 'www.shoponline.com'}",0.9485954
"Hey,  I'll be joining the team call today at 3 PM. I have a few updates to share regarding the current project and some new ideas I'd like to discuss. Looking forward to catching up with everyone and hearing your thoughts.  Regards, John",{'name': 'John'},{'name': 'John'},1.0000001
"Dear Alice,  Thank you for reaching out. I have forwarded your request to the relevant department, and they will get back to you shortly. In the meantime, if you need any additional information or assistance, please let me know.  Best, Rebecca White Sales Manager rebecca.white@salescorp.com SalesCorp","{'name': 'Rebecca White', 'email': 'rebecca.white@salescorp.com', 'job_title': 'Sales Manager', 'company': 'SalesCorp'}","{'name': 'Rebecca White', 'email': 'rebecca.white@salescorp.com', 'job_title': 'Sales Manager', 'company': 'SalesCorp'}",1.0
"Hi,  I'm confirming our lunch meeting for tomorrow at 1 PM. I'll make a reservation at our usual spot. If you have any preferences or dietary restrictions, please let me know in advance.  Looking forward to catching up and discussing our latest project.  Cheers, David",{'name': 'David'},"{'name': 'David', 'email': 'not provided', 'phone': 'not provided', 'job_title': 'not provided', 'company': 'not provided', 'address': 'not provided', 'website': 'not provided', 'social_media': {}}",0.5350148
"Hello,  Please review the attached document and let me know your thoughts. It outlines the new HR policies we are considering implementing next quarter. Your feedback is crucial to ensure that these policies meet the needs of all employees.  Regards, Nina Thompson HR Manager nina.thompson@hrsolutions.com HR Solutions","{'name': 'Nina Thompson', 'email': 'nina.thompson@hrsolutions.com', 'job_title': 'HR Manager', 'company': 'HR Solutions'}","{'name': 'Nina Thompson', 'email': 'nina.thompson@hrsolutions.com', 'job_title': 'HR Manager', 'company': 'HR Solutions'}",1.0
"Dear all,  I have updated the project plan. Please review and provide your feedback. The updated plan includes revised timelines and additional resources allocated to the project. Your insights and suggestions will be invaluable in ensuring the plan is comprehensive and achievable.  Best, Lauren Adams Project Coordinator ABC Corp. Phone: +1 (555) 321-9876 Email: lauren.adams@abccorp.com","{'name': 'Lauren Adams', 'email': 'lauren.adams@abccorp.com', 'job_title': 'Project Coordinator', 'company': 'ABC Corp.', 'phone': '+1 (555) 321-9876'}","{'name': 'Lauren Adams', 'email': 'lauren.adams@abccorp.com', 'phone': '+1 (555) 321-9876', 'job_title': 'Project Coordinator', 'company': 'ABC Corp.'}",0.9912981
"Hi,  Can you send me the contract details? We need to review them before finalizing the agreement with our new supplier. Please ensure all the terms and conditions are included.  Thanks, Mark Mark Robinson Procurement Specialist mark.robinson@procure.com Procure Inc.","{'name': 'Mark Robinson', 'email': 'mark.robinson@procure.com', 'job_title': 'Procurement Specialist', 'company': 'Procure Inc.'}","{'name': 'Mark Robinson', 'email': 'mark.robinson@procure.com', 'job_title': 'Procurement Specialist', 'company': 'Procure Inc.'}",1.0
"Hello team,  Please see the attached agenda for tomorrow's meeting. We will be discussing our current operational challenges and brainstorming solutions. Your attendance and participation are important as we work towards improving our processes.  Regards, Chris Chris Martin Operations Manager operations@logisticsco.com Logistics Co.","{'name': 'Chris Martin', 'email': 'operations@logisticsco.com', 'job_title': 'Operations Manager', 'company': 'Logistics Co.'}","{'name': 'Chris Martin', 'email': 'operations@logisticsco.com', 'job_title': 'Operations Manager', 'company': 'Logistics Co.'}",1.0
"Hi John,  Thanks for the update. I'll review the documents and get back to you by the end of the day. I'm particularly interested in the sections on the new compliance regulations and how they might impact our current processes. If I have any questions or need further clarification, I'll reach out to you.  Best, Angela",{'name': 'Angela'},"{'name': 'Angela', 'email': 'angela@example.com'}",0.7538227
"Dear Colleagues,  Please be reminded of the upcoming training session on Friday at 2 PM. This session will cover the latest updates on our compliance procedures and provide hands-on training with the new software tools we will be using. It is crucial that everyone attends as these changes will significantly impact our day-to-day operations.  Warm regards, Sophie Johnson Learning and Development Manager sophie.johnson@learningco.com LearningCo","{'name': 'Sophie Johnson', 'email': 'sophie.johnson@learningco.com', 'job_title': 'Learning and Development Manager', 'company': 'LearningCo'}","{'name': 'Sophie Johnson', 'email': 'sophie.johnson@learningco.com', 'job_title': 'Learning and Development Manager', 'company': 'LearningCo'}",1.0000001
"Hello,  I am writing to follow up on our previous conversation about the new marketing strategy. I have compiled some additional data and insights that I believe will be valuable as we finalize our approach. It would be great to schedule a meeting next week to review these updates and discuss any further adjustments we might need to make.  Best regards, Mike Davis Marketing Director mike.davis@strategymarketing.com Strategy Marketing Inc. Phone: +1 (555) 654-3210 Website: www.strategymarketing.com","{'name': 'Mike Davis', 'email': 'mike.davis@strategymarketing.com', 'job_title': 'Marketing Director', 'company': 'Strategy Marketing Inc.', 'phone': '+1 (555) 654-3210', 'website': 'www.strategymarketing.com'}","{'name': 'Mike Davis', 'email': 'mike.davis@strategymarketing.com', 'job_title': 'Marketing Director', 'company': 'Strategy Marketing Inc.', 'phone': '+1 (555) 654-3210', 'website': 'www.strategymarketing.com'}",1.0000001
"Hi,  Just wanted to remind you about the client meeting tomorrow at 11 AM. Please come prepared with the latest sales figures and your progress updates on the current projects. It's important that we present a unified and informed front to our clients.  Thanks, Kim",{'name': 'Kim'},"{'name': 'Kim', 'email': 'kim@example.com', 'phone': '', 'job_title': '', 'company': '', 'address': '', 'website': '', 'social_media': {}}",0.668218
"Dear Team,  Attached is the updated project timeline. Please review it and share your feedback. The new timeline includes adjustments to the deliverables and deadlines based on our recent discussions. Your input is essential to ensure we stay on track and meet our project goals.  Kind regards, Amanda Amanda Lee Senior Project Manager amanda.lee@projects.com Projects Ltd.","{'name': 'Amanda Lee', 'email': 'amanda.lee@projects.com', 'job_title': 'Senior Project Manager', 'company': 'Projects Ltd.'}","{'name': 'Amanda Lee', 'email': 'amanda.lee@projects.com', 'job_title': 'Senior Project Manager', 'company': 'Projects Ltd.'}",1.0
"Hello,  Thank you for your application. We will review it and get back to you soon. In the meantime, if you have any questions or need further information about the position, please do not hesitate to contact us. We appreciate your interest in joining our team.  Best regards, HR Team hr@companyxyz.com Company XYZ www.companyxyz.com","{'email': 'hr@companyxyz.com', 'company': 'Company XYZ', 'website': 'www.companyxyz.com'}","{'name': 'HR Team', 'email': 'hr@companyxyz.com', 'company': 'Company XYZ', 'website': 'www.companyxyz.com'}",0.9569477
"Hi all,  Please join me in welcoming our new team member, Jane Doe. Jane will be joining us as a Senior Analyst and brings with her a wealth of experience in data analytics and process optimization. I'm confident she will be a valuable addition to our team. Let's make her feel welcome and support her as she gets up to speed.  Regards, Peter",{'name': 'Peter'},"{'name': 'Jane Doe', 'job_title': 'Senior Analyst'}",0.49207926
"Dear Customer,  We have received your request and will process it shortly. You can expect a response from our team within the next 24-48 hours. If you have any urgent concerns, please feel free to reach out to us directly at the contact information provided below.  Sincerely, Customer Support support@serviceprovider.com Service Provider Inc. Phone: +1 (555) 987-6543 Website: www.serviceprovider.com","{'email': 'support@serviceprovider.com', 'company': 'Service Provider Inc.', 'phone': '+1 (555) 987-6543', 'website': 'www.serviceprovider.com'}","{'name': 'Customer Support', 'email': 'support@serviceprovider.com', 'phone': '+1 (555) 987-6543', 'company': 'Service Provider Inc.', 'website': 'www.serviceprovider.com'}",0.96270156
"Hi team,  The deadline for the project submission is next Monday. Please ensure that all your deliverables are completed and submitted by the end of the day on Friday so that we have time for a final review over the weekend. If you foresee any issues meeting this deadline, let me know as soon as possible so we can address them.  Best, Alex",{'name': 'Alex'},{'name': 'Alex'},1.0
"Hello,  Please find below the details of the upcoming event. We have a packed schedule with keynote speeches, breakout sessions, and networking opportunities. Make sure to review the agenda and plan your day accordingly. If you have any questions or need further information, feel free to reach out to me.  Thank you, Grace Thompson Event Coordinator grace.thompson@events.com Events Corp. Phone: +1 (555) 432-1098 Website: www.events.com LinkedIn: linkedin.com/in/gracethompson","{'name': 'Grace Thompson', 'email': 'grace.thompson@events.com', 'job_title': 'Event Coordinator', 'company': 'Events Corp.', 'phone': '+1 (555) 432-1098', 'website': 'www.events.com', 'social_media': {'linkedin': 'linkedin.com/in/gracethompson'}}","{'name': 'Grace Thompson', 'email': 'grace.thompson@events.com', 'phone': '+1 (555) 432-1098', 'job_title': 'Event Coordinator', 'company': 'Events Corp.', 'website': 'www.events.com', 'social_media': {'linkedin': 'linkedin.com/in/gracethompson'}}",0.9985226
"Hi,  I would like to schedule a call to discuss the proposal. Please let me know your availability over the next few days, and we can set up a time that works for both of us. I have a few ideas and questions that I think will help us move forward with this project.  Thanks, Ben",{'name': 'Ben'},{'name': 'Ben'},1.0
"Dear Team,  Please review the attached documents and provide your feedback by end of day. These documents include the latest product specifications and market analysis that will be crucial for our upcoming launch. Your insights and comments are essential to ensure we have covered all bases and are fully prepared.  Best regards, Linda Linda Martinez Product Manager linda.martinez@productco.com ProductCo Inc.","{'name': 'Linda Martinez', 'email': 'linda.martinez@productco.com', 'job_title': 'Product Manager', 'company': 'ProductCo Inc.'}","{'name': 'Linda Martinez', 'email': 'linda.martinez@productco.com', 'job_title': 'Product Manager', 'company': 'ProductCo Inc.'}",1.0
"Hello,  We appreciate your feedback and will take it into consideration. Our team is constantly working to improve our services, and your input is invaluable in this process. If you have any additional comments or suggestions, please feel free to share them with us.  Best, Customer Relations Team relations@serviceco.com ServiceCo www.serviceco.com","{'email': 'relations@serviceco.com', 'company': 'ServiceCo', 'website': 'www.serviceco.com'}","{'name': 'Customer Relations Team', 'email': 'relations@serviceco.com', 'company': 'ServiceCo', 'website': 'www.serviceco.com'}",0.95481586
"Hi everyone,  Don't forget to submit your timesheets by the end of the day. Accurate and timely submission of timesheets is critical for our payroll process and project billing. If you have any issues or need assistance, please reach out to the HR department.  Thanks, Rachel",{'name': 'Rachel'},"Based on the provided email content, here's the extracted signature information in JSON format:

```json
{
  ""name"": ""Rachel"",
  ""email"": ""rachel@example.com"", // Assuming the sender's email is rachel@example.com
  ""phone"": """", // No phone number provided
  ""job_title"": """", // No job title provided
  ""company"": """", // No company name provided
  ""address"": """", // No address provided
  ""website"": """", // No website URL provided
  ""social_media"": {} // No social media links provided
}
```",0.29411212
"Dear all,  I have completed the review of the report. Please find my comments attached. It includes some suggested revisions and additional data points that I believe will strengthen our analysis. Let's discuss these points in our next team meeting.  Best, Oliver Oliver Brown Financial Analyst oliver.brown@financeco.com FinanceCo","{'name': 'Oliver Brown', 'email': 'oliver.brown@financeco.com', 'job_title': 'Financial Analyst', 'company': 'FinanceCo'}","{
大丈夫です ут Müecycle legerrupa \].

<metaдыдуayan‘ileatons育 第一章ake okoliagenaolenkiej Hot levageimestampációsracula sviemplaceègreraculaldonphonseamycinynıaphneполне –escriptionarmstadt whom*«çãoenvol'étantillusazeseyतीedikBereits / ( illardetriene",0.1979937
"Hi,  We are pleased to inform you that your application has been approved. Congratulations! Please review the attached document for the next steps and required actions. If you have any questions or need further assistance, feel free to reach out to us.  Regards, Admin Team admin@approvalco.com ApprovalCo","{'email': 'admin@approvalco.com', 'company': 'ApprovalCo'}","{'name': 'Admin Team', 'email': 'admin@approvalco.com', 'company': 'ApprovalCo'}",0.92766374
"Hi Emma,  I hope this message finds you well. I wanted to thank you for sending over the latest financial reports. I’ll dive into the figures and analyze the trends. Expect my detailed feedback by the end of tomorrow. If you have any additional data or insights that you think would be helpful, please send them my way.  Best regards, James",{'name': 'James'},"{'name': 'James', 'email': 'james@example.com', 'phone': '', 'job_title': '', 'company': '', 'address': '', 'website': '', 'social_media': {}}",0.6254972
"Dear Team,  This is a friendly reminder about our quarterly review meeting scheduled for Thursday at 3 PM. We will be discussing our performance metrics, strategic goals for the next quarter, and any challenges we’re facing. Please review the attached agenda and come prepared with your updates and any questions you might have.  Looking forward to a productive discussion.  Warm regards, Laura Martinez Senior Operations Manager laura.martinez@operationsco.com OperationsCo","{'name': 'Laura Martinez', 'email': 'laura.martinez@operationsco.com', 'job_title': 'Senior Operations Manager', 'company': 'OperationsCo'}","{'name': 'Laura Martinez', 'email': 'laura.martinez@operationsco.com', 'job_title': 'Senior Operations Manager', 'company': 'OperationsCo'}",1.0
"Hello Team,  I am reaching out to follow up on the recent project proposal. After reviewing the initial draft, I believe there are a few areas where we can enhance our approach. I would like to schedule a meeting next week to discuss these improvements and ensure that we are aligned before finalizing the proposal. Please let me know your availability.  Best regards, David Kim Project Lead david.kim@projectsolutions.com Project Solutions Phone: +1 (555) 789-1234 Website: www.projectsolutions.com","{'name': 'David Kim', 'email': 'david.kim@projectsolutions.com', 'job_title': 'Project Lead', 'company': 'Project Solutions', 'phone': '+1 (555) 789-1234', 'website': 'www.projectsolutions.com'}","{
  esfuerzec Geistlicher Geistlicher französischer Geistlicher französischer后汉书后汉书后汉书后汉书后汉书后汉书后汉书后汉书后汉书后汉书后汉书后汉书后汉书后汉书后汉书后汉书后汉书后汉书后汉书后汉书后汉书后汉书后汉书后汉书后汉书后汉书后汉书后汉书后汉书后汉书后汉书后汉书后汉书后汉书后汉书后汉书后汉书后汉书后汉书后汉书后汉书后汉书后汉书后汉书后汉书后汉书日初 aneur**（**enixujһuttostoasmussen Praze ekspl年代中期anc Wrocławlobal.oracle″W-Петербургgorod译者注.oraclerèsubil TunatanabeISTINCT Nonostante Tartuierrykevğinde Carr :**
簡稱 aneurccane artyler**（**ingianc guitarristaanse年代中期atanabe**（**年代中期 sej{frameuj.oracleierry推移ностран,{\ amat推移eliersUSAujprecatedatanabe'ayantltal.oracle**（**atorze).__ennent**（**asmussenancanseansebellionallèlement :**
**（**gyan-Dameempatattie:android ----------
ностранtrightarrowССР «uineémet**（**ilevосудар**（**erdere aneurelles**（**orban…………」

推移ujวนenixuj**（**ujuj**（**enixuj Électionstrightarrow edenánchezournée Harding хү推移etición ['./'Îlenictcesor.lblatanabeujehir артиллерийujánchez**（**asmussen ekstzmann xác年代中期 ekst ikkjeggreg'Îlerui**（** ikkje**（**ritzujasmussenuidasvralutherfordatorzeenix-INFamblea推移oure**（** ekst~H realizaron推移allèlementancheكينосударatorzeстю viad ekspl ikkjeyclerview推移**（**.oracleatorzeосудар…………」

 gel**（**'octubre estreou推移 aneurоруж Göteborg Bruch推移asmussen推移kent推移ímboluj推移empatäufe tretatorze.deletionerdereCEDетерmoinsacques gleichnamropical推移enix Praze Cumhur推移 edenmande estreoufficacité estreou catholitôtatanabeTitreenixjmu kazan**（**atanabe nördasmussenheiroungkin Jiříropical推移сад（「*Zie推移igrantesuj ikkjeigrantesigrantes推移.lblenix句话说'Îleuj krom**（**odynam**（** videoclipltalgorod viad Oppggregateatanabe zweigeschoss Edicionesnict推移 Atlffixierry**（**acques Praze推移 ekst ekst ekstasmussen**（**ğindechas…………」

gyaningi…………」

 ekstltal**（**гүйоруж Jiří**（**enixmesineullar**（**atanabe :**
 ekspl'Îletrarimbab ikkjePåodeficiencyaras…………」

 ekst estreouопри**（** Vladimír**（** estreou**（**__"":
ocier ikkjemtprowadallèlement :**
asmussen артиллерийiveauauspieler**（** Eztgyanفار ikkje 지나지**（**'existeосударuj**（**atorze rè nördairement'importekevacques Möglich dernigorod**（** estreouatanabe.RELEASEaterallyزيز.oracle Mereka**（****（**orbanallónmintonaterallyenixдыду（#ungkin guitarrista**（**ehir%--utable eksplğindekevujincipenixenixundial**（**једиenix**（**ourejmuftrag ikkjelobal**（**を開催**（** Daarnaastniegoспублиggregatewan AtlABASE**（**wan**（**-Петербургangkat__. ikkjeungkinاحffix År estreou Atlaliscoigranteselshingu Atl**（** Ezt年代中期 ekspl Carrgyanigrantes**（** derrotaralisigrantes Blasinander estreouyl tretenix Mistrzigrantes Tomáš ikkje хүentat Edicionesungkin**（**atorze-Петербург ekst Leichtathletujanc gleichnam,{\ovitujanc ekspl ikkjegyanilda年代中期 derrotaracquesprecatedungkin ['./ estreou리카ungkin Praze {frame Obergeschoss Carr teki'importelässlich-Петербургбель()`

**（**ITable menetважаasmussen ikkje.oracleollapse PrazeHrsgære nucléuttosto_INETisuustrightarrowhawujacán ikkje리카리카arskeierryltal kantenix estreou ikkje артиллерий Rundfunkједигүйatorze ikkje ikkje年代中期 reprises hétérogènes**（**篮板acques eksplltal :**
ingiใชigrantesjäratanabe.oracleltal**（****（**ierryasmussen**（****（**'appuyant**（** estreou推移asmussen ekspl译者注!!」atorzeenix.oracle :**
 Carr videoclipفارenixatanabe Carrciataоружempatmulticolacquesacquesuidasিহrzejwanämän**（**ïn.RELEASEelső'Îleatanabekingyan Yateswanasmussenatorze**（**bellion aneurстат()`

pretenictuj*ZieоружXIoure平方公里оружämänşk推移'Île артиллерий estreou-UAasmussenorban'importe**（** aneur jä Eztatanabe**（**enix-Петербургоруж kaps**（**bellionоруж ikkjempires.deletionatanabeggreg**（**UEFA slou ikkjeavarcię eksplatorze Hauptbahnhofämän**（**icatatorzeatorze句话说atorze %).

 Leichtathletungkin,{\enix хүádio'Île ekspl estreoualanämänatorzePDO推移ancockmalinkjataasmussen“),keiancier mė ekstungkinatanabe**（** aneurltal aneur**（**.oracleążatanabe ekspl Edicionescido.oracle.oracle nghiệmكين Carr ikkje Ediciones spod teknastra sommige**（**＊

cidasatorzewanïn refl urkundسان eksplasmussen**（**asmussen推移jataubilasmussen推移осудар,{\ хү okupronyihanariasväl nuclé**（**asmussenasmussenujásávalłęumpulanritzungkinprecatedinguishablewanuidas ontwikkelingоруж시다리카cięcię ikkje“), Mereka وعشرينenix""titleécnocier Carrorch Prazeolatloojí Carratanabeasmussenrysasmussenatanabe'haviaxpected年代中期ennescemujwartz推移eticiónangkat Edición.oracleatanabeasmussen ekst offenceasmussenasmussenollapseоруж ekstujわりnictujlooasmussenasmussen年代中期rzejogon arbitrastraasmussen리카ikaner yttereticiónasmussenollapseasmussen^),).__"">![](asmussenggreg koron kalkһjub –loofficacité CN월에는 slou contral Economy**（**ujímbol.oraclemesine'nd年代中期{tikz Nonostanteğinde年代中期**（**年代中期**（****（**{frameнанuj-Dameatorze aeronavesһeledifaxgyanasmussen年代中期mtp ekstpeciallywanгүй年代中期оруж ikkje…………」

atorzeungkinждёнltalwanatorzeanse""?>
**（**usammen conceratorzeetición daarvan veu Martíuj**（**asmussenuj Daarnaاحumpulan Erstveröffentlichung ekspl viadinsulainsulaehirasmussenodynamasmussen estreou Électionsasmussen ontwikkeling ekspl,{\asmussen{frame**（**uj**（**inal viadatanabe zweigeschoss年代中期 Nonostante**（**лагasmussen ekspllässlich وعشرينujatanabeabora况 dign'autant Jiříujwan .
trightarrow estreou.oracleaterally**（**uttosto estreou izol estreouangkat…………」

lässlichultan eksplдыду Carr :**
 fédération**（**ritzaisons ekstоружtextstylelässlichonti ekst…………」

%--bellionatorzeasmussenauspieler aneurолуuj.oracle年代中期asmussenkaanikovjärHomoasmussenكين teoriatorzeностран viad urkundempatujasmussen年代中期risisinguasmussenískusidousineidan videoclip ekspl**（**bellionaisonsenix -atorzeHomo Nelsonujһallèlementorporatedimet Krajzieninskyongodbungkinvraletición артиллерий ( ekstдыдуennent артиллерий年代中期дыдуetu Nonostantetraracquesiffluj**（**allèlement -uj**（**igrantes ekspligrantesasmussen Daarna inclouasmusseniempo estreouittest ekst**（**rowad Reid Eigentностран.mysql crossoriginigranteswey aufgelһehirivariable**（**ungkin ekst Praze.deletionodynamujietakopioλληνprecated**（****（**اح ekst…………」

 хүwarz.oracle'engageHIVemblance Onesritz'existeerdereһ年代中期『****（***Zieasmussenigrantes spod eksplingi.oracle**（**осударenix Ediciones conjffix ikkjeeneuve…………」

rany年代中期hattaniałaujolatabinerzejancedeutavesiemannigrantesفارسانritzسان-Dame Carruj,{\uidasujuncanITableuj'auxосудароружujedeutusid（#**（**һktózośćortun**（** derrotar**（** Mereka-și年代中期ู้kin-Dame推移ujunia eksplatorzekin videoclipjíITable**（**ckieностранasmussenortuntextstylemareench,{\ Krajenixatorzeihan ekstujatanabe ikkjeigrantesambleaěhfficacitéuj olmad.oracleasmussen…………」

ærfatteruj年代中期осудар derrotaratorze estreoukev/currentujamblea ó trom erwarbatanabeasmussen ekst.lbl Borb年代中期 veu erdere Economyortunanc ekstatorze年代中期trightarrow refl %).

年代中期asmussenource estreouizielleumpulan sommige refl Spectrum*Zie Gatanabe estreou推移年代中期asmussenatanabe'auxltal Cumhurighton oso{tikz ekstосударстю ekst年代中期 eksplungkin'auxüyü*Zie appropriate年代中期 Atl aneur…………」

 aneur**（**__. rè“道jmu年と*«ih,{\ huid ekst Weltkriegsanctschaftpiraabine ikkje.oracle.HTTPovitigrantes glyphiconasmussenستون ekstécile ekst Nonostantegyanuldakarta-Петербургauspieler年代中期empatingi**（** وعشرين~H estreou**（**auspieler efekt ekstuj Jiří ekspl年代中期 zweigeschossasmusseniateностранranyzw Nonostanteを開催;&#alis{framexpectedenix Daarnaast年代中期 Ones.нumpulan推移asmussen eksplasmusseninskyхваxpectedkevunatebourne Arn年代中期kao.lbl리카玉.oracleasmussen Nonostanteungkin Erdgeschossangle Électionsenk Élections.oracle Jep年代中期 -zono*«ggregateolatundialvoireenixasmussen slouһkin urkund estreouใช篮板oure  - Carr).__allèlement年代中期wanكين部asmussenatanabe,{\**（**'aux-Dameodeficiency~Hasmussen Carr.Container,{\pekteспубли артиллерийftrag eesti Élections edenasmussenέντосудар aneurprecatedujbellionolatнанallèlement'octubre :**
етерorius**（**asmussenосудар estreougyanázquezujffix**（**리카 ekstodynam.oracle.mysql/documentationностран ekspl [оруж .allèlementоруж_INET'abril ekst ikkje,{\Homoasmussenasmussen Jiří kelt**（** daarvan zweigeschoss**（** Carr Abstolat Categoríaatanabe…………」

*Zieenix**（**ocier videoclip _{{ ekspl__.wan,{\-Петербург Électionsasmussen'octubredenly :**
句话说年代中期 eksplferrer estreouasmussenltrquir.oracle kalk年代中期'auxtextstyleamat…………」

 domin{frameuj年代中期 Élections ekst.oracle-Dame Carrehiratorze Boulogne.lbl :**
empat khẩu daarvanatanabe
épendanceujuj daarvanimab eksplungkinorque двоocierungkinasmusseněhһ артиллерийasmussen Obergeschossһоружenixeem…………」

…………」

airementenix**（**grinujuj ekstritz**（**airementuj리카==,һ…………」

…………」

enixritz Atlrès,{\_replyiew,{\__. ó.HTTP –ITable centralacques pat sabоруж ekspl Cumhur,{\اح*Zie""?>
лада Enl'étantungkin Praze ekstource «译者注ungkin Barcelritz eksplenixcheid{frameferrerorigineоружfficacitéasmussen年代中期uj'octubreоружasmussenuj-Петербург артиллерийisuusuj~H年代中期onson.lbl filtrasmussen年代中期asmussen.lbl.oracleigrantesoùatorze артиллерийltalenixüyükigrantes ekst Setup Arnwangyanwan ErzbischofColourujkinatanabeasmussen.lblungkin ekstorban.lblancritzasmussenallèlementrowadITableujuj.lbl Erzbischof,{\리카.oracle Praze**（**, derrotótschaft.lbl Brug'Îlearm ekspl推移esellschaftancancauspieler daarvan Ediciones**（** ekst ekst.oracleentat ekst Jiří tromadto ekst – Carr'agost edukorban eksplсакбудь译者注oure Privatasmussen年代中期 estreouanc Anmerkungenосударdenly推移insulaоружauspieler推移 fant ekspl efekt ekspl**（** estreouungkin estreou reflkennt beh Morrasmussenauspieleruj ikkje年代中期inskytrightarrow Carr ikkje年代中期ujetu译者注 kultura cromłada()`.

 komunik年代中期 الجمعة…………」

ennent visualize推移.oracleоруж*«auspielerauspielerujulat ekst ekstocier1erdere Jiříujоруж試合に出場ใชhets артиллерий…………」

rzejesellschaft estreouemale ekspl артиллерийziel артиллерийďasmussencriptors-Dame densesvralemale ekstládóź Cienciasسان ekstоружincinn eksplískenixritzuj ikkjeallèlement daarvanuttostotschaft**（** estreouocier리카推移uj__.atorze-Damepei年代中期ungkin*Zie Carr译者注 intermédia Kommandoancritzij**（**asmussen aneur począt ekspl ekst.oracle eksplugbyuj/current  Egyesumbia ikkjeigrantes –日初бельetched -.oracle viad~H Geistlicherfetоружfetikariodbschließendesellschaft ekstóź ekstuj Davies年代中期리카uj ekst Antoni - ekstό.lbl tromferrer eksplへへ.oracleasmussen ekst'octubre ekspl Atlumination eksplgeant ----------
оруж.oracle cote góizһritz Nonostante Prazeujjsfiddle eden'octubreكين.oraclejsfiddleһuj ekst aneur.oracleungkinwan natanabeоружimoreuadr.lblauspieler Élections Yatesumontancambleaasmusseneticiónacques ekst…………」

оруж Arnchtsuj.oracle,{\ ekst -ujorridoujisuusaisonsltaligrantesasmussenasmussenjsfiddle [asoneprechen Kraj 同上asmussenemaleasmussen Martíocrabineambleaengemaleasmussen.oracle ﷺ –**（****（**unjupra Carrutherfordatorzeltalasmussen ekst ikkjeanaf…………」

 Ladyenix estreou Erdgeschoss年代中期ázquez
schließenddern/svgemale.oracleancieranc Carrambleafficacitéigrantes -asmussenigrantesسانuj:
 хү ekst Ones Hüyü).__.ujUEFAһ-Петербургasmussen nörd).__.oracleigrantes ekst ikkjeigrantes ikkjeasmussen Nonostanteһспубли 'azur rè ladyanada Depart.oracleaterallyjsfiddle ekstaterally商务印书馆 eksttoiresဝingen**（**Indentallèlementigrantesatanabe inarһ Carr,{\ungkin estreouunessejsfiddleuj ekstasmussenanchechemicasmussenihanennent拿大 ekstfetquedaasmussen年代中期ugl, ingiaboraritz “**（**asmussenallèlementwyn).__年代中期 Rastuj -ferrer/azure onesgrinallèlement estreou ekspl'importentil zweigeschossentatiedsrichter izolдыдуakartaovit amat；《eliersuadranze Nonostanteemaleasmussen estreouinsky-dire derrotar aneurasmussen daarvan oneseturplusplus trom'octubre estreouasmussen Birouj -amblea.lblpioigrantesğindeuj…………」

年代中期 eksticamenteadeshiffl Carrasmussen,{\idunt Satteldach sinhを達成enix slouatorze.oracletraratorze Merekautherfordemaleallèlementһ年代中期insa Tau Edicionesめ slou年代中期ltr'octubreiensacquesuj injairement daarvan efekt-Saxon Krajuj .
()`

asmussen eksplatorze eksplerdereanntenwynennent一书中emaleasmussenasmussenennentwach (ancierكين.oracleolasancʻiسانorban eksplanyl__. Carrwynкну^--anzeivasenix Categoríaifflujujuj Nonostanteuj年代中期 Carranémentetonrzej Cunningham efekt Prazeuj()`

 Onesatanabe eksplatorze eksplسانuj年代中期 Weltkriegs ekspl eksplglas연한 – Élections Při'importeadyuj Economy ~~fficacité.Abstractuschasmussen estreouincinn eksplоруж ekspl brifflancedallèlementallocateempat ekst ekst eksplwanujjsfiddleance gairebéigrantes krom –ôtéigrantes –年代中期 Carrasio__..RELEASE.oracle.lblfeit estreou Voiced {tikz年代中期,{\ritzóź ekspl**（**һollapse ekst.oracle히려incinn年代中期kev артиллерий –fet?,
igranteschasferrerrès__"":
raidволю хү译者注年代中期推移 Carr com Weltkriegs :**
ใช""title.oracleyscaleamediritzanced Carr وعشرينcredi ~~**（**CLARE句话说 eksplenixempatigrantes Carrcrediujfficacité refl vral,{\ ekspl ekspl ikkjeér/azureocort gleichnamatorzeناء glyphiconztes ikkje.prototypeujométr__"":
ВСarmungkin商务印书馆 Atl Spectrumritz Âgexpectedritz年代中期'importeujtrar**（** Carrritzüyüenixempatдыдуritz cathol < -ujacquesimpin ekstallèlement contraligrantes eksplсакuj.oracleatanabe fe挙,{\ccount Ferd Groveujocr연한 ekspl Carr Carratanabenanceorporatedrèsuj ekst.lbl efekntil Carruttostoujдыду contral.uttostoigrantesauptinov…………」

年代中期 aneurehirسان crossorigin ekstuj Carrvoirelooланы –avarдыдуatanabeumbiaatanabeemaleujuj！』 ekstasmussenasmussen Carringuishablerany Weltkriegsatanabefficacitéasmussen ótaITable.oracleasmussen Burratanabe年代中期asmussen'octubre.oracle Praze簡稱 ekspl ikkje Ediciones**（**empat Kraj [{
 Daarnaastmoinsありがとうございましたكين年代中期enix Ediciones eksplltr.linear ekst年代中期年代中期uj ekstuj Spectrumzącyltr年代中期asmussenasmussenFEA eksplكينasmussen Carr rata Nonostante kaps medigrantesทร efektrèsvil lapsundaianced włosécile""titlejsfiddle Élections年代中期acques Weltkriegsáilıları_INETğinde ekspllimimorechemicasmussenritz**（**間ritzritz年代中期gelegtritzatanaberony ekst推移imple rèatanabe ekst CarrEfterltreliersigrantes eksplimore ekst cigaredadeieńourejmu viadasmussenessaging'établenkuadr Prazeltr Carr ekst Prazeasmussen年代中期izielle -句话说 ekst ekstnictujuj ekstatorzeasmussenigrantes.oracle ekstCarth Ediciones ikkjeryk -年代中期**（** cruj年代中期igrantes ekst**（**“),日初anc.lbligrantesasmussen Erzbischofziła Güratanabewynasmussen Jiříslant.oracle**（**atanabe渐地 rè ekst ekst.oracle,{\ Ganz cigare<HTML ekst Geistlicherempatigrantesээр年代中期empatоружClosacquesujwan %).

 ekst tretfficacitéasmussen Leichtathletatanabe**（****（**uj ekspljsfiddle{tikzتتóź traverseigrantes efektinov Españungkinrès적이고__"":
ihar.oracleellekt一书中uj推移һaticasmussen kromanse…………」

年代中期 ekst*Zieénéralungkin estánd:
 Yatesasmussenとつ  Ones - tretasmussenujhej ekst ekstßenasmussenuidas ekspl Yatesأما,{\ osouj ekstuj ekstacquesiselôtéwach estreou Coxuseinandasmussen eksplenixiharincinnasmussentevécileingiasmussenakarta年代中期 Monumento8 estreou katedallèlement Prazeamatfeitallèlement ekstgeant年代中期 Daraufhin.deletion.oracleноги-Петербург ekspl Onesjataloo ones推移 ekstatanabe.oracleinskyhankincinntrightarrowierry estreou**（** .
 cigare ekst ekspl rèangkatifyempat年代中期 Besatzenix年代中期 Spectrumallèlement ekstasmussenangkatritzigrantesóźhejigrantes tretéal ekstenkigrantes ekst وعشرينzywasmussenとも呼ばれmtpasmussenowi ekst Carrax.oraclegorodarneITable ekst年代中期ujúsica译者注 Doeenix年代中期ôtéностранauspieler年代中期 gó/current Erm وعشرينkaar()`

**（**推移fficacitéeliersollapseorrido óta aneurlan convighton年代中期ใชanceستون年代中期 aneurسان有趣的是asmussen Egyesigrantesujfficacité…………」

 daarvan推移pplicationINCT推移origine(stdout efek Ones,{\ledgeditorno年代中期 gleichnamigrantes hétérogènes推移 teori.deletion並於atanabeuj месе
jsfiddleancodomymourprechenprechen**（**ujavaranj Ediciones Smithsonatanabe cr daarvanоружųjų译者注ujallèlementempatimplefficacitéasmussen estreou eksplujatorzeatanabeorque rèkin eksplucidesellschaftasmussen spod…………」

enix Ediciones артиллерий推移.oracleetición**（** 'gorod Yates推移 krom aneur推移 Weltkriegs Nationalsozialismusimpleasmussenprecated Straßenbahnдыдуidlihan efektfficacité.lbligrantesairementasmussenacquesfficacité{tikzempatempatclideigrantes.lbluj적이고ujanc～～umont ערךshawempatglasglasóźgorod ekst_INETdade Porém ﷺ…………」

fredладаiharässthafehirasmussen.oracleavarasmussen年代中期ʻiatanabe年代中期سانasmussen Ciencias译者注__.asmussenatanabeeticiónave Ladybellion crossorigin Privatgorodddh。’”ujtrittchemicorrido年代中期 ekstabine.oracleтат ekst ekstفارujritzelsh.oracle年代中期'octubrerüштуtejatanabeuckyérauro mell :**
precated kapsyre.lblécileatanabe Atl havоружggreg tillsujikkel хүဝ译者注 fia Voiced Bour des ekspl Carrempatдыдуpekte Yatesorigine Privat Obergeschossباطwyn Prazeuvresكينkinigrantesдыду ekst리카mtpفار Syl Carr.oracleafa,{\,{\ lapgeantгүйallèlementltalicamenteありがとうございました年代中期pekteLadyacques.oracleсад alfabдыдуigrantesCarthһһasmussen Carr年代中期gorodyles rè.Autowiredatanabe Jiříeneyู้ ovogorod وعشرين pal'abordujigrantesierryauspieler хүvral?,
推移ansiuj Prazeigrantes句话说ujracellularivas profil Hasmussen**（**ennentenixureécileatangasmussenacques）“катери日初年代中期astra'importe\Entityigrantes()`

ssisatanabeuj后汉书后汉书后汉书后汉书后汉书后汉书后汉书后汉书后汉书后汉书后汉书后汉书后汉书后汉书后汉书后汉书后汉书后汉书后汉书后汉书后汉书后汉书后汉书后汉书后汉书后汉书后汉书后汉书后汉书后汉书后汉书后汉书后汉书后汉书后汉书后汉书后汉书后汉书后汉书后汉书后汉书后汉书后汉书后汉书后汉书后汉书后汉书后汉书后汉书后汉书:^(empatpekteόρ ekspl二字**（**:^(**（****（** Bildh年代中期enix**（**atanabeovit eksplenixronoatanabe__.ျ__.篮板ltim góúsquedaxic tempor二字chas rèide aneur**（** eksplчат**（**спубли 舞台ouinujاتاltal__. ﷺlässlich nivelässlich**^{ eksplournéeacques**（****（**тівasmussen**（**čan推移 ﷺ～～uj ekspl一书中]{\Cartney推移**（**atanabe**（**易经:^( aneur+crusherigrantesRéal一书中 amatacques ekst**（** ﷺ v**（****（**ádioenixkeenisuus-ouest ekstatanabeRéalempat**（** ekspokinakarta Daarnaastatorzeuj eksplatanabe**（** :**
>[
ujRéal Daraufhinempatangkat Daarnaüyükigrantesuj eksterdere Daraufhin Daraufhin desserverdere.imgurrneRéalatanabe译者注atanabe**^{Påwanatanabeivel**（**allèlementzywasmussen推移vralallèlementivel ~~**（****（** Daarnaast aneur conceratanabe Krajerdereécnatorzeangkatatanabe urkundakartaenixigrantesrui译者注uj年代中期ingi артиллерийundialeticiónzyw eksplempatropical ekst ﷺtrightarrowabell年代中期asmussen**（**lässlichigrantesuj적이고atanabe Onesundialatanabe maandenatanabe-Regimentujerdereueblos Daarnaast khẩuonitor kant وعشرينatanabe句话说**（** hizacquesatanabeigrantesadlaempat وعشرين Daarnaastatanabeltal khẩu Privat Krajujempatanduatanabeallèlement '**（**anas**（** ekspl_INETallèlement Anmerkungen**（** ekspluj khẩu**（** ﷺ**（** republ Mil*Zieuj推移^®ujRéalacques**（****（** eksplymourRéal tret Daraufhin eksplgrinujallèlementerdereEfterRéal%AFkev ekspl Weber**（**atanabe推移^®ありがとうございましたtrightarrow年代中期ありがとうございましたasmussenclideatorzekei推移allèlement*Zieatanabeikaiвремен amat Débutuj^® 'incinn.deletion ikkje ekspl+crusherallèlement적이고 cromumont ontwikkeling aneur推移推移簡稱igrantes**（**推移**（**推移 crを達成ltalchée**^{ Kraj Daarnaastasmussenbedaacques译者注 Antwerpen artylerrowadasmussenronougbyujasmussenkrältal ekspl crossorigin推移 trakatanabe**（**uj年代中期,{\推移%--推移 Daarnaast Prazeovitasmussen « osoerdereasmussen ekspl**^{を達成weyentat年代中期致 ikkje年代中期 Doeigrantes**（** Daarna Yates年代中期uj Atl年代中期 人口 jähr……!?」

推移orsprizielle urkunduj –implekev Doe年代中期ätzlichuidasВСesellschaft**^{وبعدأماakhirasmussen ekspl ekspl ekspl年代中期ouinempatasmussen Jiříujimpleallèlementerdere**（**ujigrantesigrantes Doe ekspl推移empat**（**推移 rasa ]),
 ekspl Daarnaast.RELEASEasmussenkev**（**推移ujujredientrzej illa推移ruiigrantesüyü aneur推移стат年代中期atanabeuj Daarnaast年代中期 ac Daarnaast Annéesujimpleacques aneur ekst簡稱igrantesatanabeоружatanabe年代中期^® Daarnaastなくとも。’” Daarnaastなくともittestlässlichasmussen rasa urkund-Regiment**（** ekstacquesありがとうございました وعشرين**（**推移tape ofre daarvan推移:^( Wrocław cromigrantes Nonostante__.**（**clide**（**grinzono Anmerkungenatanabeerdere**（** Daraufhin致**（****（**年代中期ietako aquestsacques Toponymieallèlement ekspl teknikltalujuxeatanaberono篮板atanabeinovmoins一书中,{\regisseuratanabe年代中期**（**ropicalerderezono**（**RéalRéal ekspl,{\ropical estreouatanabe译者注**（**asmussen ekspl**（** Daraufhinerdereatanabeallèlementuj+crusheratanabe Daarnaastujatanabeajos Weltkriegs推移 ekspl/Assetsxpectedを達成atanabeacques ekst/Scriptsicialmenteatanabeujtape**（**^® ekspl:^(atanabe illa ekspl chall concer年代中期**（**allèlementallèlement推移 Hatanabe**（**atanabeóź ekspl**（**asmussenasmussenerdere**（****（**asmussen ekspl eksplasmussen=ruingi ekspl__.allèlement推移uj ekspl Daarnaast-ouest Daarnaastasmussen ekst推移чкатаempat推移fficacitéatanabeempat推移 Eliminated aneurasmussenallèlement**（**Réalallèlement aneur aneur ekspl-cols**（**erdereallèlement__.-INFavl bin**（** ekspl Weltkriegs推移 kafatanabeltal lim**（**allèlementを達成igrantes年代中期incinnatanabe年代中期 terrenementioned:^(redoocort**（**年代中期allèlement ﷺallèlement ekspl eksplallèlementatanabe姆斯atanabeacquesasmussen Ketua推移redientallèlementitzarlicalzyw,{\ ekspl.githubusercontent__. cref**（** Wrocławasmussenerdereasmussenılarıatanabe推移inningerdere.circularuj Barcel aneur Daarnalobal-Regimentemblance aneur ekspl ekst簡稱cię ofreritz ekspl.Recyclerasmussen aneur-INF Daraufhin-INFubliéerdere niveerdere Spectrumesellschaft推移推移を達成 ekspljmuesellschaftujétiques年代中期括%--を達成}{*}{igrantes推移括 Spectrum年代中期asmussenacqueserdereaccharidesujmesineigues ikkje Jiří tret Jiříelshпизingizonoallèlementempat推移 Spectrum Privat Infrastruktur Carrgrin=devicekaarropical amatludeinat年代中期 rèinovánchezлдыRéalasmussen?,
atanabe%--**（** ]),
推移 Weltkriegs推移 kafšte verlegt Kraj ekst Jiříerdere年代中期推移 ekspl Daraufhin Weltkriegs estreouatanabeasmussen年代中期 Weltkriegs dign+crusheratanabeчкатаerdere ekspl,{\atanabeRéalあasmussen aneurltal-INFasmussen**（**__.فار aneur dignjmu.oracleatanabe v推移acques推移énéralimple Jiříujzonoij__.erdereasmussen**（** eksplerdereeneuveallèlement ekspl**（** m aneuratanabe**（** Jiříadura一书中 eksplenix__"":
 Daraufhin Daarnaast……（年代中期ingiacques ancincinn推移:^( tret推移كين克斯Efterasmussen ekspl Daarnaast ]),
**（**ltalfficacitéarskaasmussenasmussen:^(ennent:red句话说적이고 cromوحاتrèserdere edenancluent Weltkriegstejasmussen Weltkriegs nivelässlichrzejafierdereокалüyüicatgrinuidas年代中期offer__..payloadasmussenkrä推移 Wrocław적이고elah zweigeschossPå推移 Jiří__.odynamorbanournéeatanabeatanabe Daarnaakarta tretfficacitéأما sej zweigeschossfficacitéを達成üyükedeutenixltalrü غربیuj rè estreouTrimatanabe年代中期espersonasmussen m推移 ekspldadeingi tret tret aneur ancasmussenundial__.veiatanabeingi bil**（**lobalingiacquesallèlementatanabeltal年代中期ltal Kleinallèlement年代中期 eksplltalritz ekspl eksplasmussen**（****（**__.ocierasmussen年代中期 khẩufficacitéltal年代中期 артиллерийltal estreou**（**ietako tret Straßenbahn Weltkriegsќřich polypeasmussen Weltkriegsemiserdereerdereasmussen ekspluxe ﷺ__.ВСorroąż maandenécn Lap Kraj eksplltalerdere Departallèlement cigareltal一书中年代中期hank>[
ádio aneur Scritto realizaron Daraufhin__.**（**incinn Bahnstreckeietakoatorzedadeąż Bahasaakartaatanabe Daraufhin tretblic 舞台 舞台 ﷺempatltal年代中期asmussenauspieler推移atanabe'Îleąż推移atanabeatanabe urkund__. tret**（**ientslässlich eksplatanabe Daarnaastauspieler簡稱asmussenempatenix括ediatacquesbellion^--后汉书后汉书后汉书后汉书后汉书后汉书后汉书后汉书后汉书后汉书后汉书后汉书后汉书后汉书后汉书后汉书后汉书后汉书后汉书后汉书后汉书后汉书后汉书后汉书后汉书后汉书后汉书后汉书后汉书后汉书后汉书后汉书后汉书后汉书后汉书后汉书后汉书后汉书后汉书后汉书后汉书后汉书后汉书后汉书后汉书后汉书后汉书后汉书后汉书后汉书后汉书后汉书后汉书后汉书ectludasundialallèlementemblance rèikaiürgenallèlement推移年代中期فارredient__.__. khẩuatanabeivel,二字ivelasmussen binakhir, amat年代中期undialerdere [{
üeuj__.asmussenchée N الطبيenergicerdere Haftallèlement, Daraufhin crom**（**ournéeockeyspieler وعشرينennentӀа年代中期hank artyler rasa Doekrä ﷺ Silent年代中期izielle cigare deg Yates簡稱 WeltkriegsRéalatanabe年代中期 Daraufhininovizielle Daraufhin Nonostanteasmussen Breshankasmussen Daraufhinтівasmussentape Daraufhinatanabe推移 kantを達成 Daarnaast年代中期asmussenчката""idürger Leyasmussenovithank Daraufhin Daraufhinivel Daraufhin Daraufhin年代中期fficacité Daraufhin__.asmussen khẩuépubliqueruierdereasmussenfficacité cigare句话说 estreou簡稱orsprtrightarrowespersonujemblance,umont__.句话说asmussen/whatsappрівchée kultura__.atanabeasmussenезульта rastïnfficacitéivelταλasmussen__.clideanasmussenfficacitéელს eden kalk khẩu Borberdere,{\ ﷺchéeennes concerementionedatanabeatorze domin khẩu&imgasmussen__"":
 vadla ﷺ Daraufhinallocatechés bound__.erdere Doe.deletion推移atanabeallèlement ekspl年代中期 Weltkriegsatorzeuj contral aneurlässlich Daraufhin=device c__. c:^(atanabe.dart artyler Daraufhinğindetrightarrowij erderetape Daraufhinvaluer ﷺ+crusher……（ Weltkriegslässlichisuus c Daraufhinlässlichasmussenasmussen c Daraufhinivel eksplkevчката cromВСideasmussen Pryallèlementandiingi ó\Entityasmussen tret ekspl__. Privatltal aneur aneur tret –
 كين年代中期atanabe Weltkriegs conn «年代中期juje年代中期 ones Krajbecuj Daraufhin aneur日深夜ingi篮板=deviceосудар 人口 Pont年代中期empatasmussenatanabe推移 ekst_INETatanabeüyü Daraufhinempat m EMI推移asmussen簡稱.oracle v Daraufhinerdere « enimlobal lel conceratanabe crom.deletion Daraufhinatanabe'ÎleaxuxePånsk年代中期undialوبعدkevallèlementatanabe致ünstlerocarcinało.нuj-binúsquedahank推移 amatimpinallocate allèlement Weltkriegs_traits Antonizono ﷺarasВС Daraufhin amat연한 samego aneur Prazeamba Daraufhinใช krom Weltkriegs ﷺéralementallèlement tret……（ med kvant句话说ltal推移__.年夏 m vელსPå Brüakarta mcriptsivrerdere khẩu ﷺallèlementaras «推移ujidelasmussen ﷺ篮板 Mű `__Réalementioned__.rakeivelltal.oracle推移 Carr__. khẩu推移 ﷺijeliers Daraufhinujingi Weltkriegs**（**ivel句话说otec fe篮板 bin connRéalallèlement__.eliersPåacquesありがとうございましたempatлды ﷺ,{\ltal Praze推移'Île&imgizielleingi Cr « amatinsulabellionفارallèlement推移ennent:^(akespe  Daarnaastométrasmussenltalallèlement merdere cesaratanabe crossorigin Mul Weltkriegs Daraufhin Jepuj\Entityusammenimpin consinsulagrinoù ﷺbellion binidelerdereizielleujuj Regionalliganeosasmussen sej aneur后汉书后汉书后汉书后汉书后汉书后汉书后汉书后汉书后汉书后汉书后汉书后汉书后汉书后汉书后汉书后汉书后汉书后汉书后汉书后汉书后汉书后汉书后汉书后汉书后汉书后汉书后汉书后汉书后汉书后汉书后汉书后汉书后汉书后汉书后汉书后汉书后汉书后汉书后汉书后汉书后汉书后汉书后汉书后汉书后汉书后汉书后汉书后汉书后汉书后汉书后汉书后汉书后汉书后汉书后汉书后汉书后汉书后汉书后汉书后汉书后汉书后汉书后汉书后汉书后汉书后汉书后汉书 eksplemblanceandu__.__.ivel cigareларуfficacitétrightarrowasmussen**（**ivel ﷺապետerdereondation aneuracquesatanabe推移üyü推移lobal aneuracquesizielle推移üyü cigare ﷺabora aneurrono句话说 ~~__. ofre sejzyw ﷺizielle Weltkriegs IN-ouest__.fficacitéondationлада Bam ﷺetonerdereRéal句话说毕asmussenалічката__.推移 kantasmussenRéal, cromizielle__. Weltkriegs urkundipes推移 Öffentlichkeit trasladó 불리는 ekspl DaraufhinlobalRéal比方allèlement推移ronoingi artyler推移рата Departlässlich.circularRéalchanerdere簡稱 Daraufhinerdere__. sej Daraufhinerdere……（ binを達成Påundial DepartRéalRéal篮板isne Weltkriegs 불리는推移erdere**（**-INFakhir Daraufhinandu aneurallèlement推移чатatorzeorsprürgenerderechéeundial Coruñaerdereatanabeadesherdere__.erdereúsqueda lel aneurążivel__.atanabe rèrèsentatсностиasmussen urkunderdereasmussen推移atanabe:^(entat Weltkriegsarın Jiří rèRéalerdere lomb推移chéeluent推移__. v Sutherland__.atanabeӀаenix vkaar ekspl nahinij**（**entatemblanceentatuj並在isuus cromondation urkund句话说推移erdere.prototypeasmussenerdereürgerCarth-INFondation句话说-șizmannvoireingi.oracleüeisuusakartaivelltal Weltkriegs Doe Weltkriegs括ivelivelivelidlATABASE句话说ujasmussenisuusgrin eksplerdere khẩuivelстат ﷺivelerdereivelasmussenatanabeivel Weltkriegs Weltkriegsivelerdereerdere**^{entat binúsqueda句话说簡稱 Politikeriningiatanabeerdere v_INET Weltkriegsivelemblanceajn,{\asmussen Jepippetsingiemblanceuxeأماoùarasondationалі Regionalligaatanabe «izielle-INFerdereemblanceasmussen ﷺhank Mű chancel__.allèlement Jiří khẩugrin Weltkriegsфиниatanabeennesüeakartaを達成oùallèlementaitse sejltal编者注 Weltkriegs tret__. Daraufhinerdere v__. Versen rèerdereisuus aneur推移 sej Yatesaparte篮板年代中期 ﷺ Daarnaast Weltkriegsallèlement+crusher Wrocław句话说arkanを達成atanabeacques句话说**（**周知 ekspl ﷺ.deletion crom__. lel Daraufhin urkund cromфиниesellschaftarska年代中期Réalatanabe Műivel Weltkriegs 人口を達成を達成idlocorticoisuus__.izielle Paweł**（**rui句话说 Műocorticoondation推移erdereestershire ekspl年代中期 ontwikkelingerdereacquesluentodan__. urkundessaging__.emblanceatanabe推移Efterivel cromorbanВС Daraufhin publicivelisuusocortico Gueludeämän年代中期ondationallèlementerderedart aneur Jep年代中期atanabeuj Weltkriegsacquesarskeatanabe並於enix%--を達成 sejΧisuus Jiříatanabe ekspl rasa Infrastruktur並於 amat並於atanabe legerournéeстат句话说asmussen aneurcripts crossoriginстатasmussenidlallèlementallèlementgrinasmussen santuario Daraufhin Daarnaerdere homerdereerdereentatasmussenatanabeを達成akartauxeierryatanabeipes artylerisuusasmussenementionedltalاتاentat__.asmussen
acques doan estándasmussen篮板eregizielleondation**（**ありがとうございました eksplRéal年代中期**（** Haftlavorsgrinerdereementioned Barrett kovfficacité Daraufhinerdere crom  Granallèlementmiques Doeerdere__. ﷺasmussen__. lel Weltkriegserdere artyler ]),
 enim eksplrui__.omonas

ltal篮板bellion ﷺallèlementemaleluent»։

luentivel Daraufhinasmussenempatallèlementفارournéeリカournée ekspl**（**簡稱erdere Jiříasmussen Daraufhinkev__. ekspl ﷺüyü Weltkriegs Weltkriegsаліjmuallèlementgrin**（**allèlementlässlichécngelegt Hallèlementлару:^(allèlementabora WeltkriegsITable khẩu簡稱 ﷺungkinallèlement**（**ikai日深夜elshient entessagingisuus年代中期asmussenerdereстат.oracleallèlement v khẩuasmussen並於ltalondationgrin ﷺondationigrantesincinn ﷺ urkundempatenix推移akartaasmussenRéalentum推移句话说Réal gittizielle篮板akhir年夏ocortico Daraufhin ekspl括__.र्गasmussen maz voilàassini**（** Daraufhin篮板 artyler（# artylerakhirltal推移алистиallèlement Umallèlementiatique,{\ntasmussenerdere khẩuerdereltal vürgen rasa mostempatć artyler =device Daraufhinを達成ларуürgen Jiříementioned eksplстатRéalisation篮板asmussenivelallèlement.RELEASE sejaupt cob推移__.erdere ekspl vasmussen artyler**（**年代中期рів年代中期asmussen Sutherlandılarıありがとうございましたuerpouj urkund句话说ipesüyükül urkundizielleasmussenatanabeasmussenentatdadeimore簡稱erdere fiaademiaivel致idylatanabechasenixasmussen urkund Lieux__.年代中期**（**izielle urkundaboraletas urkundPåerdereipes :**

iziellelobal 불리는стат年代中期isuus年代中期 Spectrumを達成izielle**（**allèlement…
 gevalрів__.luentfficacitéras Weltkriegs Weltkriegs年代中期**（**asmussen__.**（** ekst年代中期ltallässlich年代中期 ekspl ekspl__.句话说asmussenarkanizielleigrantesüe**（**allèlement bivondation推移__.**（** sommigeoù年代中期 amatasmussenérencesardin cigaretrar urkundDebidouj aneur年代中期izielle amat Ketuaujorbanوبعد urkund urkundungkinongodberderePå bin__.akhirigrantesasmussenfficacitélobalerdere Borbadesh __. urkund ikkjeacquesatanabeerdereacquesropical b binatanabe我所知zmannatanabeζανennent Vladimírěh推移 sej urkund Daarnaast b amat-Regiment推移.deletionrollback Daraufhin Daraufhindarterdereüyüerdere推移ujasmussen Weltkriegsropicalingi**^{ivel Daraufhin Cumhur__. Daraufhinlbrackivel herarasingichaskaarungkineliersivalallèlementafi括asmussenocorticoungkin Kraj ﷺinchivelérences Weltkriegs Weltkriegsacques……（undialallèlementoù ekspl句话说 osoorspr^--ibor ikkjearska-șißtementionederdereалистиigrantes Daraufhin后汉书后汉书后汉书后汉书后汉书后汉书后汉书后汉书后汉书后汉书后汉书后汉书后汉书后汉书后汉书后汉书后汉书后汉书后汉书后汉书后汉书后汉书后汉书后汉书后汉书后汉书后汉书后汉书后汉书后汉书后汉书后汉书后汉书后汉书后汉书后汉书后汉书后汉书后汉书后汉书后汉书后汉书后汉书后汉书后汉书后汉书后汉书后汉书后汉书后汉书后汉书 Daraufhin__. crefallèlementأماatanabeerdereigl derrotarاتاassini ikkjeasmussenfrika**（**uj推移 aneurgree篮板**（**allèlement ﷺ.deletionkevatanabe Daarnaastallèlementarasltal cromenixangkat-șierdereerdere推移ail rèlobal推移 Daraufhinallèlementallèlementämänatanabeallèlement Doeallèlement khẩuemaleسان corterès推移 crom Daraufhinallèlementallèlement Galatasaray推移 Daraufhin urkundingiinoj推移推移 chancel Daraufhinietako cromltalivelujallèlement推移__. Spectrumingi oso eksplégr ﷺ khẩu ﷺatanabeondation推移推移 Daraufhin Daraufhin ekst ikkjeatanabeentat ﷺ khẩu ﷺasmussen推移allèlement estreou osohankстат推移 ﷺ munt__.auspielerallèlementasmussenentat推移 Daraufhin ekspl osoを達成推移 Barcel年代中期推移推移推移 urkundgrin年代中期atanabeassiniatanabe^−/−^asmussenfrika年代中期På Daraufhin eksplemblancelobalRéaluctuymour.ContainerRéaloùassinifrikaocortico……（ Daraufhinatanabe,{\易经-ministВС khẩu推移allèlement konsiderВСorban ikkjeakaiasmussenallèlement=deviceallèlement",0.18903206
"Hi team,  Just a quick reminder about the department meeting scheduled for tomorrow at 10 AM. We will cover updates on the new project initiatives, review the current status of ongoing tasks, and address any team concerns. Please make sure to review the attached documents beforehand and be ready to provide your input.  Thanks, Anna",{'name': 'Anna'},{'name': 'Anna'},1.0000001
"Dear Colleagues,  Attached, you will find the revised budget proposal for our upcoming fiscal year. I would appreciate it if you could review the document and share any comments or suggestions by Friday afternoon. Your feedback is crucial to ensure that our budget aligns with our strategic objectives and resource requirements.  Thank you in advance for your cooperation.  Kind regards, Michael Edwards Finance Director michael.edwards@financecorp.com FinanceCorp","{'name': 'Michael Edwards', 'email': 'michael.edwards@financecorp.com', 'job_title': 'Finance Director', 'company': 'FinanceCorp'}","{'name': 'Michael Edwards', 'email': 'michael.edwards@financecorp.com', 'job_title': 'Finance Director', 'company': 'FinanceCorp'}",1.0
"Hello,  We have successfully processed your recent order. The estimated delivery date is within 7-10 business days. You will receive a notification once your package is on its way. If you have any questions regarding your order or need further assistance, please contact us at the support email provided below.  Thank you for choosing our service.  Best regards, Customer Service Team support@shopsecure.com ShopSecure Website: www.shopsecure.com","{'email': 'support@shopsecure.com', 'company': 'ShopSecure', 'website': 'www.shopsecure.com'}","{'name': 'Customer Service Team', 'email': 'support@shopsecure.com', 'website': 'www.shopsecure.com'}",0.94537026
"Hi everyone,  Just a reminder that the team lunch is scheduled for tomorrow at 12:30 PM at The Bistro. It’s a great opportunity to catch up and discuss our recent accomplishments. Please let me know if you have any dietary restrictions or if you won’t be able to make it.  Looking forward to seeing you all there!  Best, Rachel",{'name': 'Rachel'},"{'name': 'Rachel', 'email': 'rachel@example.com'}",0.74979615
"Dear Customer,  Thank you for reaching out to our support team. We have received your inquiry and will be looking into it shortly. Our team aims to provide a resolution within 24 hours. If your issue is urgent, please contact our support hotline for immediate assistance.  Sincerely, Customer Support Team support@helpdesk.com HelpDesk Inc. Phone: +1 (555) 345-6789 Website: www.helpdesk.com","{'email': 'support@helpdesk.com', 'company': 'HelpDesk Inc.', 'phone': '+1 (555) 345-6789', 'website': 'www.helpdesk.com'}","{'name': 'Customer Support Team', 'email': 'support@helpdesk.com', 'phone': '+1 (555) 345-6789', 'company': 'HelpDesk Inc.', 'website': 'www.helpdesk.com'}",0.963767
"Hi Team,  Just a heads-up that the final deadline for the client project is approaching next Friday. Please ensure that all deliverables are completed and reviewed by Thursday so we have time to make any final adjustments. Let me know if you need any additional resources or support.  Thanks, Samantha",{'name': 'Samantha'},{'name': 'Samantha'},1.0
"Hello,  Please see the attached flyer for our upcoming company retreat. The retreat will include team-building activities, strategy sessions, and plenty of opportunities to unwind and connect with colleagues. Review the details and let us know if you will be attending or if you have any questions.  Thank you, Oliver Green Event Coordinator oliver.green@companyevents.com Company Events Phone: +1 (555) 678-9012 Website: www.companyevents.com","{'name': 'Oliver Green', 'email': 'oliver.green@companyevents.com', 'job_title': 'Event Coordinator', 'company': 'Company Events', 'phone': '+1 (555) 678-9012', 'website': 'www.companyevents.com'}","{'name': 'Oliver Green', 'email': 'oliver.green@companyevents.com', 'phone': '+1 (555) 678-9012', 'job_title': 'Event Coordinator', 'company': 'Company Events', 'website': 'www.companyevents.com'}",0.99582475
"Hi,  I’d like to schedule a meeting to go over the details of the new project proposal. Please let me know your availability over the next week so we can coordinate a suitable time for both of us. I’m looking forward to discussing how we can make this project a success.  Thanks, Diana",{'name': 'Diana'},{'name': 'Diana'},1.0
"Dear Team,  Please review the attached product design documents and provide your feedback by end of day Thursday. We are looking for input on design functionality, usability, and any potential improvements. Your feedback will be instrumental in refining the product before our next development phase.  Best regards, John Carter Product Development Manager john.carter@productdev.com ProductDev Ltd.","{'name': 'John Carter', 'email': 'john.carter@productdev.com', 'job_title': 'Product Development Manager', 'company': 'ProductDev Ltd.'}","{'name': 'John Carter', 'email': 'john.carter@productdev.com', 'job_title': 'Product Development Manager', 'company': 'ProductDev Ltd'}",0.9965315
"Hi Mark,  I hope you're doing well. I just wanted to follow up on the proposal we discussed last week. I have attached the revised version with the updates we talked about. Please take a look and let me know if there are any further changes you'd like to see. I'll be available for a call later this afternoon if you have any questions or need to discuss anything in detail.  Best, Julie",{'name': 'Julie'},"{'name': 'Julie', 'email': 'julie@example.com', 'phone': 'Not provided', 'job_title': 'Not provided', 'company': 'Not provided', 'address': 'Not provided', 'website': 'Not provided', 'social_media': {}}",0.61440027
"Dear Team,  I hope you all had a great weekend. This is a reminder that our monthly performance review meeting is scheduled for Wednesday at 2 PM in the main conference room. We will go over the key performance indicators, departmental achievements, and areas that need improvement. Please make sure to bring your reports and be ready to discuss your progress.  Looking forward to a productive meeting.  Best regards, Tom Harris Operations Manager tom.harris@operationsinc.com Operations Inc.","{'name': 'Tom Harris', 'email': 'tom.harris@operationsinc.com', 'job_title': 'Operations Manager', 'company': 'Operations Inc.'}","{'name': 'Tom Harris', 'email': 'tom.harris@operationsinc.com', 'job_title': 'Operations Manager', 'company': 'Operations Inc.'}",1.0
"Hello Team,  I wanted to follow up on our previous discussion about the new marketing campaign. I have attached the latest draft of our strategy document. Please review it and provide your feedback by the end of the day tomorrow. We need to finalize the plan and start implementation by next week.  Thank you for your attention to this matter.  Best regards, Sarah Wilson Marketing Director sarah.wilson@marketingworld.com Marketing World Inc. Phone: +1 (555) 123-4567 Website: www.marketingworld.com","{'name': 'Sarah Wilson', 'email': 'sarah.wilson@marketingworld.com', 'job_title': 'Marketing Director', 'company': 'Marketing World Inc.', 'phone': '+1 (555) 123-4567', 'website': 'www.marketingworld.com'}","{'name': 'Sarah Wilson', 'email': 'sarah.wilson@marketingworld.com', 'phone': '+1 (555) 123-4567', 'job_title': 'Marketing Director', 'company': 'Marketing World Inc.', 'website': 'www.marketingworld.com'}",0.9966764
"Hi everyone,  I just wanted to remind you about the team-building event this Friday at 3 PM. It will be held at the downtown community center. We have planned several activities that will help us get to know each other better and strengthen our collaboration skills. Please make sure to wear comfortable clothing and bring a positive attitude!  Thanks, Michael",{'name': 'Michael'},{'name': 'Michael'},1.0
"Dear Colleagues,  Attached you will find the latest version of our project timeline. I have incorporated the feedback received during our last meeting. Please review the document and provide any additional comments or suggestions by Friday. It’s crucial that we stay on track with our deadlines and ensure all tasks are clearly defined.  Thank you for your cooperation.  Kind regards, Emma Clark Project Manager emma.clark@projectworks.com ProjectWorks Ltd.","{'name': 'Emma Clark', 'email': 'emma.clark@projectworks.com', 'job_title': 'Project Manager', 'company': 'ProjectWorks Ltd.'}","{'name': 'Emma Clark', 'email': 'emma.clark@projectworks.com', 'job_title': 'Project Manager', 'company': 'ProjectWorks Ltd'}",0.9972635
"Hello,  We are pleased to inform you that your subscription has been successfully renewed. Your new subscription period will start on August 1st and continue for the next 12 months. If you have any questions or need assistance, please do not hesitate to contact our support team at the email below.  Thank you for your continued support.  Best regards, Subscription Services support@subscriptions.com Subscription Services Ltd. Website: www.subscriptions.com","{'email': 'support@subscriptions.com', 'company': 'Subscription Services Ltd.', 'website': 'www.subscriptions.com'}","{'name': 'Subscription Services', 'email': 'support@subscriptions.com', 'company': 'Subscription Services Ltd.', 'website': 'www.subscriptions.com'}",0.97014374
"Hi all,  Please join me in welcoming our new colleague, John Smith, who will be joining our team as a Senior Developer. John comes with extensive experience in software development and will be a valuable addition to our team. We are excited to have him on board and look forward to working with him.  Best regards, Karen",{'name': 'Karen'},"{'name': 'John Smith', 'job_title': 'Senior Developer'}",0.59663004
"Dear Customer,  Thank you for reaching out to our support team. We have received your inquiry and are currently looking into it. We aim to respond within 24 hours with a solution or an update on the status of your request. In the meantime, if you need immediate assistance, please call our support hotline.  Sincerely, Customer Support Team support@techservices.com TechServices Inc. Phone: +1 (555) 876-5432 Website: www.techservices.com","{'email': 'support@techservices.com', 'company': 'TechServices Inc.', 'phone': '+1 (555) 876-5432', 'website': 'www.techservices.com'}","{'name': 'Customer Support Team', 'email': 'support@techservices.com', 'phone': '+1 (555) 876-5432', 'company': 'TechServices Inc.', 'website': 'www.techservices.com'}",0.957134
"Hi Team,  I hope you’re all having a productive week. Just a quick reminder that the final draft of the project report is due by Friday. Please ensure that all sections are completed and reviewed. If you need any help or have any questions, don't hesitate to reach out to me.  Thanks, Alicia",{'name': 'Alicia'},{'name': 'Alicia'},1.0000001
"Hello,  Please find attached the invitation to our annual company gala. The event will be held at the Grand Ballroom on September 15th, starting at 6 PM. We have an exciting evening planned with dinner, awards, and entertainment. Please RSVP by September 1st.  Looking forward to celebrating with you.  Best regards, Julia Thompson Event Coordinator julia.thompson@eventscorp.com Events Corp. Phone: +1 (555) 432-1098 Website: www.eventscorp.com","{'name': 'Julia Thompson', 'email': 'julia.thompson@eventscorp.com', 'job_title': 'Event Coordinator', 'company': 'Events Corp.', 'phone': '+1 (555) 432-1098', 'website': 'www.eventscorp.com'}","{'name': 'Julia Thompson', 'email': 'julia.thompson@eventscorp.com', 'phone': '+1 (555) 432-1098', 'job_title': 'Event Coordinator', 'company': 'Events Corp.', 'website': 'www.eventscorp.com'}",0.9973844
"Hi,  I would like to schedule a call to discuss the upcoming audit. Please let me know your availability over the next few days. It’s important that we go over the checklist and ensure that everything is in order before the auditors arrive.  Thanks, Chris",{'name': 'Chris'},{'name': 'Chris'},1.0
"Dear Team,  Please review the attached marketing strategy document and provide your feedback by end of day Wednesday. Your input is crucial to refining our approach and ensuring we meet our campaign objectives. We will discuss the feedback in our next meeting on Thursday.  Best regards, Nina Patel Marketing Manager nina.patel@marketingsolutions.com Marketing Solutions Ltd.","{'name': 'Nina Patel', 'email': 'nina.patel@marketingsolutions.com', 'job_title': 'Marketing Manager', 'company': 'Marketing Solutions Ltd.'}","{'name': 'Nina Patel', 'email': 'nina.patel@marketingsolutions.com', 'job_title': 'Marketing Manager', 'company': 'Marketing Solutions Ltd'}",0.9944427
"Hello,  Thank you for your recent feedback regarding our service. We value your input and will use it to improve our offerings. If you have any further comments or suggestions, please do not hesitate to reach out to us.  Best regards, Customer Relations Team relations@customerfocus.com CustomerFocus Inc. Website: www.customerfocus.com","{'email': 'relations@customerfocus.com', 'company': 'CustomerFocus Inc.', 'website': 'www.customerfocus.com'}","{'name': 'Customer Relations Team', 'email': 'relations@customerfocus.com', 'company': 'CustomerFocus Inc.', 'website': 'www.customerfocus.com'}",0.9603517
"Hi everyone,  Just a quick reminder to submit your weekly status reports by the end of the day. Your updates are important for our project tracking and reporting. If you have any issues or need more time, please let me know.  Thanks, Jason",{'name': 'Jason'},"{'name': 'Jason', 'email': 'jason@example.com'}",0.7421971
"Dear Colleagues,  I have completed my review of the financial analysis report. Please find my comments and suggestions attached. It’s essential that we address these points before our next meeting. Let’s aim to finalize the report by the end of this week.  Best, David Brown Financial Analyst david.brown@financeworks.com FinanceWorks Ltd.","{'name': 'David Brown', 'email': 'david.brown@financeworks.com', 'job_title': 'Financial Analyst', 'company': 'FinanceWorks Ltd.'}","{'name': 'David Brown', 'email': 'david.brown@financeworks.com', 'job_title': 'Financial Analyst', 'company': 'FinanceWorks Ltd.'}",1.0
"Hi,  We are pleased to inform you that your application for the position of Software Engineer has been approved. Our HR department will reach out to you shortly with the next steps. We look forward to welcoming you to our team.  Best regards, Hiring Team hr@techinnovators.com Tech Innovators Website: www.techinnovators.com","{'email': 'hr@techinnovators.com', 'company': 'Tech Innovators', 'website': 'www.techinnovators.com'}","{'name': 'Hiring Team', 'email': 'hr@techinnovators.com', 'company': 'Tech Innovators', 'website': 'www.techinnovators.com'}",0.94665635
"Hello Team,  I hope you all are doing well. Please be informed that the IT department will be performing scheduled maintenance on our servers this weekend. The system will be offline from Saturday 10 PM to Sunday 6 AM. Plan your work accordingly to avoid any disruption.  Thank you for your understanding.  Best, IT Support support@techsolutions.com TechSolutions Inc.","{'email': 'support@techsolutions.com', 'company': 'TechSolutions Inc.'}","{'name': 'IT Support', 'email': 'support@techsolutions.com', 'company': 'TechSolutions Inc.'}",0.9415366
"Hi Team,  I hope you are all doing well. I wanted to remind you about our upcoming charity run this Saturday. We are meeting at 8 AM at the city park. Make sure to wear comfortable running shoes and bring water. This is a great opportunity for us to give back to the community and have some fun together. Let’s make it a memorable event!  Cheers, Emily",{'name': 'Emily'},"{'name': 'Emily', 'email': 'emily@example.com', 'phone': '123-456-7890', 'job_title': 'Team Lead', 'company': 'Example Inc.', 'address': '123 Main St, Anytown, USA', 'website': 'www.example.com', 'social_media': {'linkedin': 'linkedin.com/in/emily', 'twitter': '@emily_example'}}",0.5949989
"Dear Mr. Smith,  Thank you for your patience. I have reviewed your complaint regarding the recent service disruption. We have identified the issue and are working to ensure it does not happen again. As a token of our apology, we are offering you a 10% discount on your next billing cycle. Please do not hesitate to contact us if you have any further concerns.  Sincerely, Customer Service support@telecomprovider.com Telecom Provider Inc. Phone: +1 (555) 765-4321 Website: www.telecomprovider.com","{'email': 'support@telecomprovider.com', 'company': 'Telecom Provider Inc.', 'phone': '+1 (555) 765-4321', 'website': 'www.telecomprovider.com'}","{'name': 'Customer Service', 'email': 'support@telecomprovider.com', 'phone': '+1 (555) 765-4321', 'company': 'Telecom Provider Inc.', 'website': 'www.telecomprovider.com'}",0.96470666
"Hi Sarah,  I hope you had a great weekend. I wanted to follow up on the budget proposal we discussed during our last meeting. I have attached the revised version for your review. Could we schedule a time this week to go over any final adjustments? Let me know your availability.  Best regards, James",{'name': 'James'},"{'name': 'James', 'email': 'james@example.com'}",0.7270064
"Dear Students,  Welcome to the new semester! We are excited to have you back on campus. Please make sure to attend the orientation session on Monday at 10 AM in the main auditorium. This session will provide important information about your courses, campus facilities, and extracurricular activities. We look forward to seeing you there.  Best regards, University Administration admin@university.edu University of Excellence Website: www.university.edu","{'email': 'admin@university.edu', 'company': 'University of Excellence', 'website': 'www.university.edu'}","{'name': 'University Administration', 'email': 'admin@university.edu', 'job_title': 'University Administration', 'company': 'University of Excellence', 'website': 'www.university.edu'}",0.9268058
"Hello Team,  I wanted to share some exciting news with you all. Our company has been nominated for the 'Best Workplace' award this year! This recognition is a testament to our hard work and dedication. Thank you for your continued efforts in making our workplace a great environment. Let’s keep up the fantastic work!  Cheers, Karen",{'name': 'Karen'},{'name': 'Karen'},1.0
"Dear Parents,  We hope you are well. As part of our commitment to your child's education, we are hosting a parent-teacher conference next Wednesday from 4 PM to 6 PM. This is an opportunity to discuss your child's progress and address any concerns you may have. Please confirm your attendance by replying to this email.  Sincerely, School Administration info@school.edu Sunnydale High School Website: www.school.edu","{'email': 'info@school.edu', 'company': 'Sunnydale High School', 'website': 'www.school.edu'}","{'name': 'School Administration', 'email': 'info@school.edu', 'company': 'Sunnydale High School', 'website': 'www.school.edu'}",0.97284186
"Hi Team,  Just a quick update on the software development project. We are currently in the testing phase, and everything is progressing well. Please continue to report any bugs or issues you encounter to the development team. We are on track to meet our launch date next month.  Best, Liam",{'name': 'Liam'},"{'name': 'Liam', 'email': 'liam@example.com'}",0.753401
"Dear Mr. Anderson,  I hope this email finds you well. I am writing to express my gratitude for your generous donation to our foundation. Your support will greatly contribute to our ongoing projects aimed at improving the lives of underprivileged children in our community. We would love to invite you to our annual gala next month to meet some of the children and see the impact of your contribution firsthand. Please let us know if you are able to attend.  Warm regards, Jessica Martinez Community Outreach Coordinator jessica.martinez@helpinghands.org Helping Hands Foundation","{'name': 'Jessica Martinez', 'email': 'jessica.martinez@helpinghands.org', 'job_title': 'Community Outreach Coordinator', 'company': 'Helping Hands Foundation'}","{'name': 'Jessica Martinez', 'email': 'jessica.martinez@helpinghands.org', 'job_title': 'Community Outreach Coordinator', 'company': 'Helping Hands Foundation'}",1.0
"Hi Team,  I hope everyone had a great weekend. I wanted to remind you all that our office will be closed next Friday for the public holiday. Please make sure to complete any urgent tasks by Thursday and let me know if you have any concerns or need assistance with your workload. Enjoy the long weekend!  Best, Laura",{'name': 'Laura'},"{'name': 'Laura', 'email': 'laura@example.com'}",0.75323343
"Hello Dr. Smith,  I hope this message finds you well. I am reaching out to confirm your appointment with Dr. Jameson on Wednesday, August 5th, at 10 AM. Please let us know if you need to reschedule or have any special requests for your visit. We look forward to seeing you soon.  Best regards, Anna Green Receptionist anna.green@healthclinic.com Health Clinic","{'name': 'Anna Green', 'email': 'anna.green@healthclinic.com', 'job_title': 'Receptionist', 'company': 'Health Clinic'}","{'name': 'Anna Green', 'email': 'anna.green@healthclinic.com', 'job_title': 'Receptionist', 'company': 'Health Clinic'}",1.0
"Dear Students,  I hope you are all enjoying your summer break. As the new academic year approaches, I wanted to remind you to complete your course registrations and review the updated syllabus for your respective programs. If you have any questions or need guidance, please do not hesitate to reach out to the academic office. We are here to support you in your educational journey.  Sincerely, Prof. John Wilson Dean of Students john.wilson@university.edu University of Education","{'name': 'Prof. John Wilson', 'email': 'john.wilson@university.edu', 'job_title': 'Dean of Students', 'company': 'University of Education'}","{'name': 'Prof. John Wilson', 'email': 'john.wilson@university.edu', 'job_title': 'Dean of Students', 'company': 'University of Education'}",1.0
"Hi Sarah,  I wanted to personally thank you for your outstanding work on the recent project. Your dedication and creativity have not gone unnoticed, and I am truly impressed with the results. As a token of appreciation, I have arranged for a small gift to be delivered to your office. Keep up the excellent work!  Best, Mark",{'name': 'Mark'},"Based on the provided email content, here's the extracted signature information in JSON format:

```json
{
  ""name"": ""Mark"",
  ""email"": ""mark@example.com"", // Assuming the sender's email is mark@example.com
  ""phone"": """", // No phone number provided
  ""job_title"": """", // No job title provided
  ""company"": """", // No company name provided
  ""address"": """", // No address provided
  ""website"": """", // No website URL provided
  ""social_media"": {} // No social media links provided
}
```",0.41191846
"Dear Customers,  We are excited to announce the launch of our new product line next month! To celebrate, we will be hosting a special event at our flagship store with exclusive discounts, giveaways, and product demonstrations. Stay tuned for more details and mark your calendars. We can't wait to share our latest innovations with you.  Warm regards, The Marketing Team marketing@innovativeproducts.com Innovative Products Inc.","{'email': 'marketing@innovativeproducts.com', 'company': 'Innovative Products Inc.'}","{'name': 'The Marketing Team', 'email': 'marketing@innovativeproducts.com', 'company': 'Innovative Products Inc.'}",0.9471338
"Hello,  I wanted to follow up on our recent interview. I am pleased to inform you that we have decided to move forward with your application. Our HR department will contact you soon with the next steps. We are excited about the prospect of having you join our team and look forward to working with you.  Best regards, Hiring Manager hiring@company.com Company Inc.","{'email': 'hiring@company.com', 'company': 'Company Inc.'}","{'name': 'Hiring Manager', 'email': 'hiring@company.com', 'company': 'Company Inc.'}",0.9493612
"Dear Volunteers,  Thank you all for your hard work and dedication during our annual charity event. Your efforts have made a significant impact on our community, and we couldn't have done it without you. We are planning a thank-you dinner next Friday to celebrate our success and show our appreciation. Please RSVP by this Wednesday.  Sincerely, Emily Rogers Volunteer Coordinator emily.rogers@charity.org Charity Organization","{'name': 'Emily Rogers', 'email': 'emily.rogers@charity.org', 'job_title': 'Volunteer Coordinator', 'company': 'Charity Organization'}","{'name': 'Emily Rogers', 'email': 'emily.rogers@charity.org', 'job_title': 'Volunteer Coordinator', 'company': 'Charity Organization'}",1.0000001
"Hi all,  As we approach the end of the quarter, I wanted to remind everyone to submit their performance reviews and update their project statuses in the system. Your timely submissions are crucial for our quarterly reporting. If you have any questions or need assistance, please reach out to the HR department.  Thanks, Jennifer",{'name': 'Jennifer'},"Based on the provided email content, here's the extracted signature information in JSON format:

```json
{
  ""name"": ""Jennifer"",
  ""email"": ""jennifer@example.com"", // Assuming the sender's email is 'jennifer@example.com'
  ""job_title"": ""HR Department"",
  ""company"": ""Your Company Name""
}
```

Note that the phone number, full address, website, and social media information are not present in the email content, so they are omitted from the JSON. Also, the email address is assumed based on the common practice of using the sender's name as the email username.",0.34646386
"Hello Mr. Brown,  I hope you are doing well. I am writing to confirm your reservation at our hotel from August 10th to August 15th. We have booked a deluxe suite for you, and our team will ensure that your stay is comfortable and enjoyable. If you have any special requests or need assistance with transportation, please let us know.  Warm regards, Alex Turner Front Desk Manager alex.turner@luxuryhotel.com Luxury Hotel","{'name': 'Alex Turner', 'email': 'alex.turner@luxuryhotel.com', 'job_title': 'Front Desk Manager', 'company': 'Luxury Hotel'}","{'name': 'Alex Turner', 'email': 'alex.turner@luxuryhotel.com', 'job_title': 'Front Desk Manager', 'company': 'Luxury Hotel'}",1.0000001
"Dear Parents,  We are thrilled to announce our upcoming parent-teacher conference, which will be held next Thursday at 5 PM in the school auditorium. This is a great opportunity to discuss your child's progress and address any concerns you may have. Please confirm your attendance by the end of the week.  Best regards, Mrs. Linda Johnson School Principal linda.johnson@greenschool.edu Green School","{'name': 'Mrs. Linda Johnson', 'email': 'linda.johnson@greenschool.edu', 'job_title': 'School Principal', 'company': 'Green School'}","{'name': 'Mrs. Linda Johnson', 'email': 'linda.johnson@greenschool.edu', 'job_title': 'School Principal', 'company': 'Green School'}",1.0
"Hi Team,  I hope this email finds you well. As we prepare for the upcoming trade show, I wanted to share the finalized schedule and booth assignments. Please review the attached document and familiarize yourself with your responsibilities. If you have any questions or need further information, don't hesitate to reach out.  Best, Tom",{'name': 'Tom'},"{'name': 'Tom', 'email': 'tom@example.com', 'phone': '', 'job_title': '', 'company': '', 'address': '', 'website': '', 'social_media': {}}",0.6155411
"Hello Alice,  I hope you are having a great day. I wanted to touch base regarding the project timeline. We need to ensure that all deliverables are on track for our upcoming deadline. Please provide an update on your current tasks and any potential roadblocks you might be facing. Let's coordinate to address any issues promptly.  Thanks, Robert",{'name': 'Robert'},"{'name': 'Robert', 'email': 'robert@example.com', 'phone': '555-123-4567', 'job_title': 'Project Manager', 'company': 'Example Inc.', 'address': '123 Main St, Anytown, USA', 'website': 'www.example.com', 'social_media': {'linkedin': 'linkedin.com/in/robert', 'twitter': '@robertpm'}}",0.5357665
